crp,lastname,firstname,party,distIdRunFor,fec_id
N00036633,Abraham, Ralph,R,LA05,H4LA05221
N00037014,Achadjian, Katcho,R,CA24,H6CA24295
N00035451,Adams, Alma,D,NC12,H4NC12100
N00036990,Adams, Boyce,R,MS01,H5MS01067
N00037273,Adams, David,R,FL26,H6FL26017
N00037274,Adams, Desmund,D,IA03,H6IA03235
N00027843,Adams, Eddie,R,FL14,H6FL11175
N00036926,Adcock, Sam,R,MS01,H5MS01034
N00003028,Aderholt, Robert B,R,AL04,H6AL04098
N00033165,Agbede, Akinyemi,D,CAS1,S6CA00634
N00033997,Aguilar, Pete,D,CA31,H2CA31125
N00037402,Alam, MD,D,MOS1,S6MO00388
N00038843,Albarran, Charlene,D,UT02,H6UT02390
N00036917,Albertson, Stewart,D,CAS1,S6CA00618
N00038776,Allan, Seth,R,OR05,H6OR05168
N00033720,Allen, Richard W,R,GA12,H2GA12121
N00031938,Amash, Justin,R,MI03,H0MI03126
N00031177,Amodei, Mark,R,NV02,H2NV02395
N00038203,Anderson, Dave,D,MD08,H6MD08515
N00038571,Anderson, Phil,L,WIS2,S6WI00152
N00037163,Anderson, Stephanie,3,FL23,H6FL23048
N00038605,Andres, Teresita,D,CA22,H6CA22166
N00038806,Ansel, Jeff,I,TX13,H6TX13126
N00038621,Anthony, Malcolm,R,FL06,H6FL06142
N00038599,Appleby, Alex,L,CA09,H6CA09106
N00037263,Applegate, Douglas L,D,CA49,H6CA49102
N00038594,Armstrong-Stoner, Derek James,D,AZ08,H6AZ08178
N00038285,Arrington, Jodey,R,TX19,H6TX19099
N00036932,Ash, James,R,CA53,H6CA53047
N00005293,Ashford, Brad,D,NE02,H4NE02054
N00036354,Ashworth, Matthew,R,OH08,H6OH08117
N00038654,Assini, Mark W,R,NY25,H6NY25166
N00031491,Atanus, Susanne,R,IL09,H0IL09080
N00037020,Atkinson, Jacquie,R,CA52,H6CA52114
N00030980,Ayotte, Kelly,R,NHS1,S0NH00235
N00033731,Babeu, Paul,R,AZ01,H2AZ04127
N00005736,Babin, Brian,R,TX36,H6TX02079
N00037049,Bacon, Donald John,R,NE02,H6NE02125
N00038660,Baker, Bruce,R,CO07,H6CO07098
N00037618,Baker, Collin,R,TX06,H6TX06153
N00037598,Baker, Terry,R,MD06,H6MD06220
N00036368,Balchunis, Mary Ellen,D,PA07,H4PA07092
N00037452,Baldacci, Joe,D,ME02,H6ME02122
N00037303,Bangstad, Kirk,D,WI07,H6WI07140
N00037185,Banks, Jim,R,IN03,H6IN03229
N00037608,Bard, Gavin,3,NJ01,H6NJ01196
N00037030,Baricevic, Charles John,D,IL12,H6IL12099
N00033200,Barkley, Mike,D,CA10,H2CA00096
N00025495,Barletta, Lou,R,PA11,H2PA11098
N00038619,Barney, Sean,D,DE01,H6DE01097
N00031233,Barr, Andy,R,KY06,H0KY06104
N00037019,Barragan, Nanette,D,CA44,H6CA44103
N00038828,Barrera, Roy,D,TX27,H6TX27092
N00037265,Barringer, Adam,R,FL06,H6FL06100
N00037454,Bartley, Lori,R,TX18,H6TX18141
N00005656,Barton, Joe,R,TX06,H4TX06117
N00001883,Barve, Kumar P,D,MD08,H6MD08291
N00038671,Basham, Danny,D,IN06,H6IN06164
N00031877,Bass, Karen,D,CA37,H0CA33117
N00037160,Batsche, Christopher,R,MOS1,S6MO00370
N00038259,Batts, Jason,R,KY01,H6KY01102
N00038687,Baucum, Trey,R,LA04,H6LA04120
N00038659,Baugh, Scott,R,CA48,H6CA48245
N00038277,Beagle, Bill,R,OH08,H6OH08141
N00038245,Bean, Rowan,I,AZ02,H6AZ02197
N00033904,Beatty, Joyce,D,OH03,H2OH03125
N00009774,Becerra, Xavier,D,CA34,H2CA30143
N00036936,Beck, Kristin,D,MD05,H6MD05198
N00032702,Becker, Francis X Jr,R,NY04,H0NY04099
N00037624,Becker, Julie,3,WI05,H6WI05102
N00038849,Bedell, Eileen McNeil,D,VA07,H6VA07148
N00034073,Bedwell, Danny,L,MS01,H2MS01114
N00038827,Beebe, Micah,R,TX26,H6TX26128
N00036211,Beers, Bob,R,NVS2,S6NV00192
N00038780,Beiler, Chet,R,PA16,H6PA16312
N00038559,Beitiks, Mikelis,I,CAS1,S6CA00766
N00038795,Bell, Adam,D,TX03,H6TX03192
N00038636,Bell, Doug,R,GA05,H6GA05290
N00037497,Benedict, Lee,R,GAS2,S6GA00184
N00031934,Benishek, Dan,R,MI01,H0MI01088
N00030608,Bennet, Michael F,D,COS1,S0CO00211
N00037514,Bennett, Ken,R,AZ01,H6AZ01173
N00038853,Bennett, LuAnn,D,VA10,H6VA10209
N00038782,Bennett, Rob,D,PA18,H6PA18219
N00037026,Bensmihen, Joseph,R,FL22,H6FL22073
N00038696,Benson-Staebler, David,R,MN02,H6MN02180
N00030717,Bera, Ami,D,CA07,H0CA03078
N00037017,Bernal, Benny,D,CA24,H6CA29203
N00036018,Beyer, Don,D,VA08,H4VA08224
N00027462,Bilirakis, Gus,R,FL12,H6FL09070
N00035718,Bircher, Mark,R,FL13,H4FL13135
N00038445,Bishop, Bob,R,NY19,H6NY19227
N00036449,Bishop, Mike,R,MI08,H4MI08135
N00025292,Bishop, Rob,R,UT01,H2UT01094
N00002674,Bishop, Sanford,D,GA02,H2GA02031
N00031539,Black, Diane,R,TN06,H0TN06257
N00003105,Blackburn, Marsha,R,TN07,H2TN06030
N00039045,Blaha, Robert,R,COS1,S6CO00275
N00009683,Blakley, Will,R,NCS2,S8NC00254
N00037534,Blatt, Doug,D,TX22,H6TX22234
N00033744,Blum, Rod,R,IA01,H2IA01055
N00007727,Blumenauer, Earl,D,OR03,H6OR03064
N00031685,Blumenthal, Richard,D,CTS2,S0CT00177
N00005195,Blunt, Roy,R,MOS1,S0MO00183
N00038668,Boccarossa, Jack,R,IL17,H6IL17213
N00003675,Boehner, John,R,OH08,H0OH08029
N00033474,Bonamici, Suzanne,D,OR01,H2OR01133
N00035577,Bonner, Jay Alan,R,FL20,H4FL20064
N00033714,Boone, Dan,D,TX21,H2TX21102
N00013873,Boozman, John,R,ARS2,S0AR00150
N00024866,Bordallo, Madeleine Z,D,GU00,H2GU00033
N00038418,Borders, Jason D,D,FL09,H6FL09211
N00035420,Bost, Mike,R,IL12,H4IL12060
N00038708,Bouie, John II,R,MS02,H6MS02162
N00026595,Boustany, Charles Jr,R,LAS2,S6LA00300
N00036594,Bowers, Kerry Dale,R,NV03,H6NV03121
N00039031,Bowman, Marcus,R,ALS2,S6AL00336
N00031440,Boyd, Will,D,AL05,H6AL05202
N00038440,Boylan, Patrick,D,NV01,H6NV01216
N00035307,Boyle, Brendan,D,PA13,H4PA13199
N00038805,Bradshaw, Bill,D,TX12,H6TX12136
N00005883,Brady, Kevin,R,TX08,H6TX08100
N00001619,Brady, Robert A,D,PA01,H8PA01153
N00037262,Brandman, Jordan,D,CA46,H6CA46132
N00036013,Brat, Dave,R,VA07,H4VA07143
N00038677,Bratcher, Harold,R,KY03,H6KY03173
N00036898,Breu, Tom,D,WI01,H6WI01176
N00033532,Bridenstine, James,R,OK01,H2OK01143
N00038682,Brill, Roger Q,R,KY06,H6KY06135
N00039048,Bronson, Daniel J,R,ILS2,S6IL00359
N00038640,Brookins, Howard Jr,D,IL01,H6IL01167
N00030910,Brooks, Mo,R,AL05,H0AL05163
N00033495,Brooks, Susan,R,IN05,H2IN05082
N00038202,Brown, Anitra,I,FL01,H6FL01085
N00036999,Brown, Anthony,D,MD04,H6MD04209
N00002713,Brown, Corrine,D,FL05,H2FL03056
N00037429,Brown, James P,I,ILS2,S6IL00318
N00037186,Brown, Liz,R,IN03,H6IN03237
N00037254,Brown, Paul,R,TX32,H6TX32043
N00037612,Brown, Sakima,R,NY18,H6NY18161
N00034254,Brownley, Julia,D,CA26,H2CA00120
N00038602,Bruner, Matthew,I,CA20,H6CA20160
N00038791,Bryan, Pat,D,TX02,H6TX02160
N00037601,Bryant, Jamal Harrison,D,MD07,H6MD07442
N00038725,Bryson, Rick,D,NC11,H6NC11198
N00027626,Buchanan, Vernon,R,FL16,H6FL13148
N00038860,Buchholz, Myron,D,WI03,H6WI03164
N00030829,Buck, Kenneth R,R,CO04,H4CO04090
N00031227,Bucshon, Larry,R,IN08,H0IN08114
N00038256,Bullwinkel, Deb,D,IL08,H6IL08188
N00038852,Bunch, Bill,D,VA09,H6VA09078
N00025219,Burgess, Michael,R,TX26,H2TX26093
N00036941,Burk, John,R,NC09,H6NC09168
N00038680,Burk, John Jr,R,KY05,H6KY05137
N00002221,Burr, Richard,R,NCS2,S4NC00089
N00034523,Burris, Michael,R,MO05,H2MO05352
N00037006,Bush, Jeb,R,PRES,P60008059
N00033390,Bustos, Cheri,D,IL17,H2IL17071
N00027035,Butterfield, G K,D,NC01,H4NC01046
N00035380,Byrne, Bradley,R,AL01,H4AL01123
N00038607,Caforio, Bryan,D,CA25,H6CA25177
N00037057,Cage, Ericke,D,VA05,H6VA05100
N00035433,Cain, Emily,D,ME02,H4ME02200
N00028223,Calderin, Michael,D,FL25,H6FL25027
N00033255,Callahan, Mark,R,ORS2,S4OR00172
N00037052,Calone, David L,D,NY01,H6NY01118
N00007099,Calvert, Ken,R,CA42,H2CA37023
N00033999,Campos, Benjamin,R,CA38,H2CA38237
N00038411,Canada, Mike,R,CA52,H6CA52122
N00035515,Cannon, Jerry,D,MI01,H4MI01114
N00038436,Cano, Christian,D,NC09,H6NC09184
N00038633,Canova, Tim,D,FL23,H6FL23063
N00000267,Capuano, Michael E,D,MA07,H8MA08071
N00037015,Carbajal, Salud,D,CA24,H6CA24303
N00033373,Cardenas, Tony,D,CA29,H2CA28113
N00038844,Cardwell, Pat,R,VA02,H6VA02107
N00034135,Cargas, James,D,TX07,H2TX07036
N00037623,Carnahan, Weldon,R,WI04,H6WI04055
N00030736,Carney, John,D,DE01,H0DE01017
N00038600,Caro, Suzanne,R,CA13,H6CA13140
N00032063,Carpenter, Sam,R,ORS2,S0OR00238
N00007498,Carroll, Jerry Leon,3,CAS1,S2CA00591
N00037264,Carroll, Morgan,D,CO06,H6CO06058
N00029513,Carson, Andre,D,IN07,H8IN07184
N00036973,Carson, Ben,R,PRES,P60005915
N00035346,Carter, Buddy,R,GA01,H4GA01039
N00031188,Carter, Jerry Dean,I,NVS2,S0NV00211
N00025095,Carter, John,R,TX31,H2TX31044
N00034128,Cartwright, Matt,D,PA17,H2PA17079
N00034735,Casey, Keith,R,TX14,H6TX14132
N00037252,Castillo, Christopher,R,CA44,H6CA44129
N00027514,Castor, Kathy,D,FL14,H6FL11126
N00038273,Castricone, Dan,R,NY18,H6NY18179
N00033316,Castro, Joaquin,D,TX20,H2TX35011
N00038676,Caughey, Miles,R,KY01,H6KY01144
N00036102,Chabot, Paul,R,CA31,H4CA31071
N00003689,Chabot, Steve,R,OH01,H8OH01043
N00037300,Chadwick, Bruce,R,TX33,H6TX33017
N00009954,Chafee, Lincoln,D,PRES,P60008075
N00028958,Chaffetz, Jason,R,UT03,H8UT03089
N00037271,Chane, Jonathan,D,FL18,H6FL18113
N00038268,Chappelle-Nadal, Maria,D,MO01,H6MO01253
N00035807,Chavez, Cesar,D,AZ07,H4AZ07035
N00036918,Chavez, Rocky,R,CAS1,S6CA00626
N00038424,Chelgren, Mark,R,IA02,H6IA02153
N00035504,Cheney, Liz,R,WY01,H6WY00159
N00036937,Cheng, Xiangfei "Scott",R,MD06,H6MD06188
N00032057,Chicon, Martin,D,NY13,H6NY13139
N00033246,Choi, Jun,D,NJ06,H2NJ07168
N00038702,Christensen, Gordon,D,MO04,H6MO04224
N00038864,Christensen, Leland,R,WY01,H6WY00142
N00037008,Christie, Chris,R,PRES,P60008521
N00035603,Christopher, Warren,D,MD04,H4MD04113
N00030600,Chu, Judy,D,CA27,H0CA32101
N00032019,Cicilline, David,D,RI01,H0RI01073
N00025785,Cino, Michael,R,NJ05,H2NJ05261
N00035278,Clark, Katherine,D,MA05,H4MA05084
N00038836,Clark, Mike,D,TX31,H6TX31045
N00038739,Clarke, Jonathan,D,NY03,H6NY03213
N00026961,Clarke, Yvette D,D,NY09,H4NY11138
N00035854,Clawson, Curt,R,FL19,H4FL19074
N00012460,Clay, William L Jr,D,MO01,H0MO01066
N00026790,Cleaver, Emanuel,D,MO05,H4MO05234
N00037011,Cleek, N Eugene,R,CA03,H6CA03117
N00035306,Clemens, Peter,D,UT01,H6UT01137
N00038705,Clever, Paul,R,MS01,H6MS01271
N00000019,Clinton, Hillary,D,PRES,P00003392
N00002408,Clyburn, James E,D,SC06,H2SC02042
N00035426,Coblenz, Michael,D,KY06,H4KY06148
N00024753,Coffman, Mike,R,CO06,H8CO06138
N00038408,Cohen, Ron,R,CA12,H6CA17141
N00003225,Cohen, Steve,D,TN09,H6TN09068
N00038717,Coker, Adam,D,NC02,H6NC02130
N00035136,Cole, Michael,D,TX14,H6TX14124
N00025726,Cole, Tom,R,OK04,H2OK04055
N00036158,Coleman, Bonnie,D,NJ12,H4NJ12149
N00038669,Coleman, Lynn,D,IN02,H6IN02155
N00001285,Collins, Chris,R,NY27,H8NY29032
N00033518,Collins, Doug,R,GA09,H2GA09150
N00036997,Collins, Nancy,R,MS01,H5MS01075
N00038260,Comer, James,R,KY01,H6KY01110
N00036023,Comstock, Barbara,R,VA10,H4VA10089
N00026041,Conaway, Mike,R,TX11,H4TX19136
N00033520,Concepcion, Hector L,R,IL04,H2IL04145
N00025431,Condit, Jim Jr,3,OH08,H2OH02077
N00035348,Condley, Kerri,D,CA42,H4CA42060
N00029891,Connolly, Gerry,D,VA11,H8VA11062
N00037499,Connors, Thomas,I,OHS2,S6OH00262
N00004029,Conyers, John Jr,D,MI13,H6MI01028
N00038763,Coogan, Bob,L,OH08,H6OH08273
N00034224,Cook, Paul,R,CA08,H2CA08164
N00037287,Cook, Suzan Johnson,D,NY13,H6NY13113
N00038272,Cook, York,R,NJ07,H6NJ07144
N00038716,Cooke, C L,L,NC01,H6NC01090
N00003132,Cooper, Jim,D,TN05,H2TN05131
N00038618,Cope, Clay,R,CT05,H6CT05157
N00038678,Corely, Everett,R,KY03,H6KY03181
N00038287,Corley, Jason,R,TX19,H6TX19115
N00038460,Cornelius, Bob,R,TX31,H6TX31037
N00038793,Cornette, Dave,R,TX03,H6TX03176
N00037260,Correa, Lou,D,CA46,H6CA46116
N00026341,Costa, Jim,D,CA16,H4CA20082
N00038661,Costello, Fred,R,FL06,H6FL06183
N00031064,Costello, Ryan,R,PA06,H0PA06076
N00037520,Counsil, Gordon Joe,I,ID01,H6ID01243
N00024842,Courtney, Joe,D,CT02,H2CT02112
N00028137,Coyne, John F III,D,GAS2,S4GA11202
N00031142,Cozad, David,D,TX06,H0TX06065
N00036906,Crabtree, Valleri,D,FL09,H6FL09146
N00038576,Craig, Andy,L,WI04,H6WI04063
N00037039,Craig, Angie,D,MN02,H6MN02131
N00004614,Cramer, Kevin,R,ND01,H0ND01026
N00035868,Cramer, Robert,R,IA03,H4IA03099
N00006267,Crapo, Mike,R,IDS2,S8ID00027
N00030770,Crawford, Rick,R,AR01,H0AR01083
N00012739,Crenshaw, Ander ,R,FL04,H0FL04066
N00002942,Crist, Charlie,D,FL13,H6FL13205
N00001127,Crowley, Joseph,D,NY14,H8NY07046
N00037156,Crumpton, Ron,D,ALS2,S6AL00302
N00033085,Cruz, Ted,R,PRES,P60006111
N00024978,Cuellar, Henry,D,TX28,H2TX23082
N00009738,Culberson, John,R,TX07,H0TX07055
N00036181,Culler, Anthony,R,TX01,H6TX01253
N00037028,Cullerton, Tom,D,IL08,H6IL08154
N00001971,Cummings, Elijah E,D,MD07,H6MD07160
N00036692,Cummings, Ted,I,WAS2,S4WA00524
N00035403,Curbelo, Carlos,R,FL26,H4FL26038
N00037579,Curran, Patricia Margaret,R,NC05,H6NC05117
N00037581,Curry, Dianne,D,AR02,H6AR02245
N00036549,Daggett, Doug,R,MN05,H4MN05071
N00035563,Dagnesses, Rafael,R,CA26,H4CA26139
N00038269,Daly, Kay,R,NC02,H6NC02122
N00035880,Davidson, Allen,D,IN05,H4IN05112
N00038767,Davidson, Warren,R,OH08,H6OH08315
N00036947,Davies, Aaron,I,OK02,H6OK02225
N00004884,Davis, Danny K,D,IL07,H4IL07037
N00037187,Davis, Dereck,D,MD04,H6MD04233
N00034784,Davis, Rodney,R,IL13,H2IL13120
N00009604,Davis, Susan A,D,CA53,H0CA49055
N00037275,Day, Thomas,D,IL07,H6IL07289
N00038274,Deacon, Colleen,D,NY24,H6NY24177
N00005930,Dean, Andre,R,TX08,H6TX08167
N00037299,Deeb, Gregory,R,TX27,H6TX27084
N00007781,DeFazio, Peter,D,OR04,H6OR04047
N00006134,DeGette, Diana,D,CO01,H6CO01141
N00037231,Del Beccaro, Tom,R,CAS1,S6CA00683
N00038845,Del Rosso, Michael,R,VA05,H6VA05126
N00034589,Del Vecchio, Kenneth,R,NY18,H6NY18195
N00033897,Delaney, John K,D,MD06,H2MD06195
N00000615,DeLauro, Rosa L,D,CT03,H0CT03072
N00030693,DelBene, Suzan,D,WA01,H0WA08046
N00037596,Demaree, Angela,D,IN05,H6IN05216
N00038713,Deming, Robert,R,MS04,H6MS04184
N00033449,Demings, Val,D,FL10,H2FL08063
N00031593,Denham, Jeff,R,CA10,H0CA19173
N00037293,Denham, Joe,D,PA06,H6PA06115
N00026171,Dent, Charlie,R,PA15,H4PA15087
N00038280,Derickson, Tim,R,OH08,H6OH08182
N00038247,Derlet, Robert,D,CA04,H6CA04156
N00037406,Derrick, Mike,D,NY21,H6NY21132
N00034746,DeSantis, Ron,R,FLS2,S6FL00293
N00030709,Desaulnier, Mark,D,CA11,H0CA10073
N00030957,Desjarlais, Scott,R,TN04,H0TN04195
N00038862,Detch, Matt,D,WV03,H6WV03091
N00036934,Detzel, Denis,R,IL09,H6IL09137
N00038254,Deuser, August,R,IL01,H6IL01159
N00031317,Deutch, Ted,D,FL22,H0FL19080
N00035064,DeVore, Bob Jr,R,KY03,H2KY03164
N00025337,Diaz-Balart, Mario,R,FL25,H2FL25018
N00038406,DiChihara, Larry,R,AL03,H6AL03157
N00038255,Dicianni, Peter,R,IL08,H6IL08170
N00038198,Dickerson, John Martin,D,INS2,S6IN00209
N00038464,Dickinson, Mike,D,VA07,H6VA07122
N00036149,Dingell, Debbie,D,MI12,H4MI12079
N00037621,Dittmar, Jane,D,VA05,H6VA05118
N00006023,Doggett, Lloyd,D,TX35,H4TX10028
N00031103,Dold, Bob,R,IL10,H0IL10302
N00035401,Domino, Carl,R,FL18,H4FL18068
N00036928,Donovan, Dan,R,NY11,H5NY11010
N00033568,Douglas, Richard,R,MDS2,S2MD00388
N00001373,Doyle, Mike,D,PA14,H4PA18131
N00038645,Drabik, Gerald "Jerry",R,IL06,H6IL06174
N00036938,Driskell, Gretchen,D,MI07,H6MI07223
N00027860,Duckworth, Tammy,D,ILS2,S6IL00292
N00038726,Duffie, Ryan,R,NC12,H6NC12030
N00030967,Duffy, Sean P,R,WI07,H0WI07051
N00030752,Duncan, Jeff,R,SC03,H0SC03077
N00037165,Duncan, Jim,R,NC02,H6NC02114
N00003209,Duncan, John J Jr,R,TN02,H8TN02069
N00037516,Dunn, Joseph,D,CA46,H6CA46157
N00037442,Dunn, Neal,R,FL02,H6FL02208
N00038777,Duome, Marc,R,PA08,H6PA08251
N00028249,Edwards, Donna,D,MDS2,S6MD03458
N00035313,Eggman, Michael,D,CA10,H4CA10075
N00036920,Ehler, Charles,R,COS1,S6CO00234
N00038441,Eisenbach, David,D,NY12,H6NY12123
N00038194,Eldridge, Conner,D,ARS2,S6AR00132
N00038810,Elizondo, Dolly,D,TX15,H6TX15170
N00036527,Ellison, Allen,D,FL17,H4FL17037
N00038684,Ellison, Greg,R,LA03,H6LA03098
N00028257,Ellison, Keith,D,MN05,H6MN05183
N00031513,Ellmers, Renee,R,NC02,H0NC02059
N00037234,Emanuele, James,R,NYS2,S6NY00375
N00037404,Emery, Ed,D,FL03,H6FL03057
N00035440,Emmer, Tom,R,MN06,H4MN06087
N00001003,Engel, Eliot L,D,NY16,H8NY19058
N00037592,Enyia, Amara,D,IL07,H6IL07297
N00037282,Ervin, Valerie,D,MD08,H6MD08499
N00007335,Eshoo, Anna,D,CA18,H8CA12098
N00034549,Espaillat, Adriano,D,NY13,H2NY13096
N00038800,Espinoza, Maria,R,TX07,H6TX07128
N00009226,Estrada, John,R,CAS1,S6CA00600
N00033217,Esty, Elizabeth,D,CT05,H2CT05131
N00038731,Evans, Chip,D,NV02,H6NV02248
N00038450,Evans, Dwight,D,PA02,H6PA02171
N00006700,Evans, Mervin,D,CAS1,S4CA00191
N00033521,Evans, Richard,R,IL08,H6IL08204
N00037449,Faddis, Sam,R,MD05,H6MD05206
N00038420,Fahmy, Fatima Rita,D,FL10,H6FL10151
N00035705,Fareed, Justin,R,CA24,H4CA24142
N00031672,Farenthold, Blake,R,TX27,H0TX27061
N00007312,Farr, Sam,D,CA20,H4CA17021
N00037288,Faso, John,R,NY19,H6NY19169
N00001746,Fattah, Chaka,D,PA02,H2PA02055
N00038787,Fedalei, Chris,D,SC04,H6SC04163
N00038760,Feerer, Donald,R,OH08,H6OH08240
N00000036,Feingold, Russ,D,WIS2,S8WI00026
N00038783,Ferrer, Hector,D,PR00,H6PR00090
N00038201,Fetterman, John,D,PAS1,S6PA00274
N00001862,Ficker, Robin,R,MD06,H4MD08171
N00031167,Fiegen, Tom,D,IAS1,S0IA00119
N00038792,Filak, Michael,D,TX03,H6TX03168
N00031141,Fincher, Steve,R,TN08,H0TN08246
N00032335,Fiore, Michele,R,NV03,H6NV03105
N00031348,Fiorina, Carly,R,PRES,P60007242
N00038817,Fisher, Sharon,R,TX18,H6TX18166
N00038779,Fitzpatrick, Brian,R,PA08,H6PA08277
N00030815,Fleischmann, Chuck,R,TN03,H0TN03254
N00029679,Fleming, John,R,LAS2,S6LA00318
N00031545,Flores, Bill,R,TX17,H0TX17104
N00037190,Flores, Lucy,D,NV04,H6NV04012
N00037412,Flowers, Margaret,3,MDS2,S6MD03474
N00036989,Flynn, Michael,R,MI10,H6MI10185
N00037164,Flynn, Mike,R,IL18,H6IL18104
N00038609,Flynn, Sean,R,CA31,H6CA31134
N00038766,Foister, Corey,D,OH08,H6OH08307
N00038649,Folkner, Sadona M,3,IL12,H6IL12115
N00037295,Follweiler, Archie,D,PA15,H6PA15165
N00013799,Forbes, Randy,R,VA04,H2VA04052
N00038789,Forest, Dylan,D,TN05,H6TN05306
N00026631,Fortenberry, Jeff,R,NE01,H4NE01064
N00029139,Foster, Bill,D,IL11,H8IL14067
N00037297,Fowler, Steven,R,TX06,H6TX06146
N00038613,Fox, Randy,R,CA41,H6CA41190
N00026166,Foxx, Virginia,R,NC05,H4NC05146
N00002893,Frankel, Lois J,D,FL21,H2FL14053
N00006423,Franks, Trent,R,AZ08,H4AZ04024
N00035625,Fraser, Aaron,D,NJ10,H6NJ10205
N00031381,Fraser, William,I,IL08,H0IL08108
N00030759,Frazier, Ryan,R,COS1,S0CO00229
N00035223,Freeman, April,D,FL19,H4FL19058
N00037408,Freeman, Marc,R,FL22,H6FL22081
N00000684,Frelinghuysen, Rodney,R,NJ11,H2NJ05014
N00026344,Fritz, Jim,I,CO03,H4CO00015
N00030490,Fudge, Marcia L,D,OH11,H8OH11141
N00033281,Gabbard, Tulsi,D,HI02,H2HI02508
N00033934,Galdo, Joseph F,3,VA11,H2VA11164
N00037166,Gallagher, Mike,D,NY13,H6NY13097
N00038804,Gallaher, Scot,D,TX10,H6TX10148
N00036097,Gallego, Ruben,D,AZ07,H4AZ07043
N00037588,Galloway, GG,R,FL06,H6FL06118
N00037184,Galloway, Pam,R,IN03,H6IN03211
N00035624,Gandolfo, Angela Marie,D,NJ04,H4NJ04112
N00030856,Garamendi, John,D,CA03,H0CA10149
N00038832,Garcia, Adrian,D,TX29,H6TX29064
N00038831,Garcia, Dominique,D,TX29,H6TX29056
N00038456,Garrett, Greg,R,TX19,H6TX19123
N00000743,Garrett, Scott,R,NJ05,H8NJ05052
N00038847,Garrett, Tom,R,VA05,H6VA05142
N00038786,Garves, Ben,D,SC06,H6SC01169
N00038833,Garza, Julio,R,TX29,H6TX29072
N00036716,Gaskins, Samuel Lewis,D,KY01,H4KY01073
N00037614,Geissinger, Glenn,R,PA17,H6PA17161
N00037000,Gentile, Vinnie,D,NY11,H5NY11044
N00038278,George, Scott,R,OH08,H6OH08158
N00038244,Gerritson, Becky,R,AL02,H6AL02142
N00034896,Gerson, David,R,MN02,H2MN02130
N00031128,Gibbs, Bob,R,OH07,H0OH18077
N00038658,Gibson, Charlotte,D,CA44,H6CA44152
N00036084,Gibson, Mark,D,TX22,H4TX22163
N00038283,Gigliotti, Lou,R,TX04,H6TX04109
N00039035,Gilbert, Frank,L,ARS2,S6AR00140
N00037524,Gilbert, Melissa,D,MI08,H6MI08247
N00038195,Gildersleeve, Tim,I,CAS1,S6CA00733
N00036982,Giles, Dave,R,AZ09,H6AZ09010
N00038710,Giles, Jimmy,R,MS03,H6MS03178
N00026221,Gill, David,I,IL13,H6IL13113
N00028961,Gilmore, Jim,R,PRES,P80003379
N00038258,Giroux, Dan,D,KS04,H6KS04165
N00038412,Gitsham, Denise,R,CA52,H6CA52130
N00038714,Gladney Mark,D,MS04,H6MS04192
N00036919,Glenn, Darryl,R,COS1,S6CO00226
N00038270,Glidewell, Pete,D,NC06,H6NC06099
N00038560,Godwin, Mary Elisabeth,R,FLS2,S6FL00400
N00026148,Gohmert, Louis B Jr,R,TX01,H4TX04039
N00038451,Golderer, Bill,D,PA07,H6PA07121
N00036950,Gonzales, Regino James,R,TX18,H6TX18133
N00038423,Gonzalez, Evelio,R,FL14,H6FL14104
N00037615,Gonzalez, Jenniffer,3,PR00,H6PR00082
N00038840,Gonzalez, Rey Jr,R,TX34,H6TX34023
N00038703,Gonzalez, Travis,D,MO06,H6MO06211
N00038809,Gonzalez, Vicente,D,TX15,H6TX15162
N00009154,Goodlatte, Bob,R,VA06,H2VA06115
N00038434,Googe, Sue,R,NC04,H6NC04151
N00038753,Gordon, Dave,D,NY22,H6NY22106
N00030771,Gosar, Paul,R,AZ04,H0AZ01259
N00036944,Gottheimer, Josh,D,NJ05,H6NJ05171
N00039057,Gould, James,R,KYS2,S6KY00179
N00038407,Gowan, David,R,AZ01,H6AZ01215
N00030880,Gowdy, Trey,R,SC04,H0SC04257
N00038421,Grabelle, Justin,R,FL11,H6FL11209
N00037050,Gradert, Jamieson,R,NH01,H6NH01289
N00035688,Graham, Gwen,D,FL02,H4FL02062
N00008799,Granger, Kay,R,TX12,H6TX12060
N00036123,Grant, Kevin,R,IN04,H4IN04180
N00037407,Grant, Kevin Jay,R,INS2,S6IN00183
N00001758,Grassley, Chuck,R,IAS1,S0IA00028
N00036135,Graves, Garret,R,LA06,H4LA06153
N00013323,Graves, Sam,R,MO06,H0MO06073
N00030788,Graves, Tom,R,GA14,H0GA09030
N00037259,Gray, Casey,R,CA28,H6CA28155
N00039052,Gray, Jim,D,KYS2,S6KY00120
N00028418,Grayson, Alan,D,FLS2,S6FL00376
N00035476,Grayson, Derrick,R,GAS2,S4GA11236
N00038206,Grayson, Richard,D,WY01,H6WY01033
N00026686,Green, Al,D,TX09,H4TX09095
N00005870,Green, Gene,D,TX29,H2TX29030
N00039039,Greene, Russell,D,CAS1,S6CA00782
N00037192,Gregory, DuWayne,D,NY02,H6NY02124
N00039038,Grey, Clive,I,CAS1,S6CA00774
N00038566,Griffin, Kevin,D,NCS2,S6NC00274
N00035683,Griffin, Taylor,R,NC03,H6NC03146
N00032029,Griffith, Morgan,R,VA09,H0VA09055
N00025284,Grijalva, Raul M,D,AZ03,H2AZ07070
N00037447,Grimsley, Warren,3,IL05,H6IL05168
N00029400,Grisham, Michelle Lujan,D,NM01,H8NM01257
N00036409,Grothman, Glenn S,R,WI06,H4WI06048
N00032386,Guild, Tom,D,OK05,H0OK05155
N00038686,Guillory, Elbert,R,LA04,H6LA04112
N00030801,Guinta, Frank,R,NH01,H0NH01217
N00039067,Gumina, Tony,R,NVS2,S6NV00259
N00037611,Gurfein, David,R,NY03,H6NY03171
N00029675,Guthrie, Brett,R,KY02,H8KY02031
N00037568,Guthrie, Sean,I,FLS2,S6FL00384
N00004874,Gutierrez, Luis V,D,IL04,H2IL08039
N00037176,Gutzeit, Maria,D,CA25,H6CA25169
N00038279,Haemmerle, Eric,R,OH08,H6OH08174
N00012485,Hagan, Bob,D,OHS2,S6OH00213
N00038452,Haggerty, Edward,I,PA16,H6PA16304
N00039050,Hale, John David,L,KYS2,S6KY00104
N00033277,Hall, Isadore,D,CA44,H2CA35100
N00038796,Hall, Ray,R,TX04,H6TX04117
N00028141,Hamilton, Eddie,R,NVS2,S6NV00168
N00030197,Hanna, Richard,R,NY22,H8NY24066
N00038646,Hantsch, Joseph J,R,IL08,H6IL08196
N00037591,Hardiman, Tio,D,IL01,H6IL01142
N00038435,Hardin, Chris,R,NC06,H6NC06107
N00038830,Hardin, Zeffen,R,TX28,H6TX28074
N00035628,Hardy, Cresent,R,NV04,H4NV04017
N00038667,Harlan, Patrick,R,IL17,H6IL17205
N00029632,Harper, Gregg,R,MS03,H8MS03067
N00037194,Harrington, John IV,R,TX27,H6TX27076
N00029147,Harris, Andy,R,MD01,H8MD01094
N00036915,Harris, Kamala D,D,CAS1,S6CA00584
N00035201,Harris, Napoleon,D,ILS2,S6IL00342
N00037296,Hartman, Christina,D,PA16,H6PA16296
N00031005,Hartzler, Vicky,R,MO04,H0MO04086
N00027939,Hassan, Ahmad,D,TX22,H6TX22242
N00038397,Hassan, Maggie,D,NHS1,S6NH00091
N00002884,Hastings, Alcee L,D,FL20,H2FL23021
N00037530,Hawks, Paula,D,SD01,H6SD01091
N00035173,Hayes, Chris,L,AR02,H2AR02061
N00037528,Heaney, Andrew,R,NY19,H6NY19193
N00031557,Heck, Dennis,D,WA10,H0WA03161
N00031244,Heck, Joe,R,NVS2,S6NV00218
N00033979,Heinz, Matt,D,AZ02,H2AZ08078
N00038267,Helland, Bob,3,MN06,H6MN06157
N00024922,Hensarling, Jeb,R,TX05,H2TX05121
N00038610,Hernandez, Roger,D,CA32,H6CA32132
N00038850,Hernick, Charles,R,VA08,H6VA08237
N00031559,Herrera Beutler, Jaime,R,WA03,H0WA03187
N00032243,Hice, Jody B,R,GA10,H0GA07125
N00038589,Hicks, Kerry,L,AR04,H6AR04076
N00038615,Hidalgo, Juan,R,CA51,H6CA51066
N00027060,Higgins, Brian M,D,NY26,H4NY27076
N00003875,Hill, Baron,D,INS2,S0IN00061
N00035792,Hill, French,R,AR02,H4AR02141
N00037272,Hill, Randal,D,FL24,H6FL24038
N00029070,Himes, Jim,D,CT04,H8CT04172
N00006008,Hinojosa, Ruben,D,TX15,H6TX15055
N00038700,Hinson, Amanda Lynn,R,MN07,H6MN07288
N00037451,Hoeber, Amie,R,MD06,H6MD06212
N00031688,Hoeven, John,R,NDS1,S0ND00093
N00038396,Hogg, Rob,D,IAS1,S6IA00124
N00038692,Holbrook, Mark,R,ME01,H6ME01207
N00037159,Holcomb, Eric,R,INS2,S6IN00175
N00033399,Holding, George,R,NC13,H2NC13110
N00037044,Holliday, Ed,R,MS01,H6MS01206
N00038429,Hollingsworth, Trey,R,IN09,H6IN09176
N00038415,Holloway, Lashonda,D,FL05,H6FL05193
N00034227,Holmes, Greg,R,MDS2,S6MD03524
N00039063,Homquist, Larry,R,NCS2,S6NC00308
N00012611,Honda, Mike,D,CA17,H0CA15148
N00039061,Hooe, Joey,R,MDS2,S6MD03516
N00038453,Horne, Jenny,R,SC01,H6SC01151
N00034596,Horne, Tom,R,WA05,H6WA05148
N00038616,Horst, John,R,CA52,H6CA52148
N00036091,Hosta, John,D,IL14,H4IL14124
N00037427,Houchin, Erin,R,IN09,H6IN09143
N00039051,Houlihan, Rory,D,KYS2,S6KY00112
N00036914,House, Phillip,D,CAS1,S6CA00576
N00037002,Howard, Albert,R,CAS1,S6CA00659
N00037450,Howard, Frank,R,MD06,H6MD06204
N00038266,Howe, John,R,MN02,H6MN02164
N00038644,Howland, Amanda,D,IL06,H6IL06166
N00001821,Hoyer, Steny H,D,MD05,H2MD05155
N00007539,Huckabee, Mike,R,PRES,P80003478
N00033630,Hudson, Richard,R,NC08,H2NC08185
N00027649,Huelskamp, Tim,R,KS01,H6KS01146
N00038603,Huerta, Emilio,D,CA21,H6CA21218
N00033030,Huffman, Jared,D,CA02,H2CA06259
N00030673,Huizenga, Bill,R,MI02,H0MI02094
N00031104,Hultgren, Randy,R,IL14,H0IL14080
N00029258,Hunter, Duncan D,R,CA50,H8CA52052
N00031417,Hurd, Will,R,TX23,H0TX23086
N00038718,Hurst, David,D,NC03,H6NC03153
N00031265,Hurt, Robert,R,VA05,H0VA05095
N00038788,Hyman, Mal,D,SC07,H6SC07018
N00037398,Invictus, Augustus Sol,L,FLS2,S6FL00301
N00038690,Ireton, Jim,D,MD01,H6MD01221
N00002593,Isakson, Johnny,R,GAS2,S6GA00119
N00036499,Isakson, Steve,3,CA24,H4CA24183
N00013345,Israel, Steve,D,NY03,H0NY02085
N00007017,Issa, Darrell,R,CA49,H0CA48024
N00033749,Ivey, Glenn,D,MD04,H2MD04232
N00031603,Izzo, Rose,R,DE01,H0DE01025
N00005818,Jackson Lee, Sheila,D,TX18,H4TX18054
N00038770,Jackson, Jarrin,R,OK02,H6OK02233
N00038438,Jacob, Peter,D,NJ07,H6NJ07151
N00037182,Jacobson, Oren,D,IL03,H6IL03130
N00033660,Jaquess, Don,D,TX06,H2TX06137
N00037037,Jawando, Will,D,MD08,H6MD08465
N00038858,Jayapal, Pramila,D,WA07,H6WA07458
N00038596,Jefferson, Jrmar,D,CA06,H6CA06219
N00033640,Jeffries, Hakeem,D,NY08,H2NY10092
N00035531,Jenkins, Evan,R,WV03,H4WV03070
N00029077,Jenkins, Lynn,R,KS02,H8KS02090
N00026786,Jindal, Bobby,R,PRES,P60008398
N00038685,John, Rick,R,LA04,H6LA04096
N00030850,John, Rob,I,AL02,H0AL02095
N00032088,Johnson, Bill,R,OH06,H0OH06189
N00008122,Johnson, Eddie Bernice,D,TX30,H2TX00015
N00033226,Johnson, Gary,L,PRES,P60019239
N00027848,Johnson, Hank,D,GA04,H6GA04129
N00037283,Johnson, Lon,D,MI01,H6MI01200
N00032546,Johnson, Ron,R,WIS2,S0WI00197
N00008028,Johnson, Sam,R,TX03,H2TX03118
N00035717,Jolly, David,R,FLS2,S6FL00350
N00004855,Jones, Art,R,IL03,H6IL03148
N00035791,Jones, Lateresa,3,FLS2,S6FL00277
N00039068,Jones, Rafael Arden Sr,R,NYS2,S6NY00409
N00038597,Jones, Scott,R,CA07,H6CA07126
N00036992,Jones, Starner,R,MS01,H5MS01083
N00039066,Jones, Tom,3,NVS2,S6NV00242
N00002299,Jones, Walter B Jr,R,NC03,H2NC01081
N00027894,Jordan, Jim,R,OH04,H6OH04082
N00035007,Joyce, David P,R,OH14,H2OH14064
N00038433,Juneau, Denise,D,MT01,H6MT01095
N00038743,Kaiman, Jon,D,NY03,H6NY03254
N00006887,Kalemkarian, Timothy Charles,R,CAS1,S6CA00477
N00036922,Kander, Jason,D,MOS1,S6MO00362
N00038738,Kaplan, Anna,D,NY03,H6NY03205
N00003522,Kaptur, Marcy,D,OH09,H2OH09031
N00009778,Kasich, John,R,PRES,P60003670
N00035934,Katko, John,R,NY24,H4NY24073
N00033516,Kaufman, Joe,R,FL23,H2FL20043
N00038611,Kealy, Dwight,R,CA36,H6CA36174
N00031933,Keating, Bill,D,MA09,H0MA10082
N00038823,Keenen, Lee,D,TX23,H6TX23190
N00037401,Kefalas, Chrys,R,MDS2,S6MD03466
N00037289,Kehoe, John,D,NY19,H6NY19177
N00036907,Keith, Pam,D,FLS2,S6FL00285
N00031647,Kelly, Mike,R,PA03,H0PA03271
N00035215,Kelly, Robin,D,IL02,H2IL02172
N00037003,Kelly, Trent,R,MS01,H5MS01059
N00038681,Kemper, Nancy Jo,D,KY06,H6KY06127
N00039053,Kender, Jeff,D,KYS2,S6KY00138
N00034044,Kennedy, Joe III,D,MA04,H2MA04073
N00038819,Key, John,R,TX19,H6TX19164
N00001885,Keyes, Alan,R,ILS2,S4IL00404
N00039046,Keyser, Jon,R,COS1,S6CO00283
N00038732,Khal, Sami,R,NV03,H6NV03113
N00026427,Khanna, Ro,D,CA17,H4CA12055
N00037029,Khouri, Tonia,R,IL11,H6IL11117
N00038719,Kiball, Teiji,R,NC04,H6NC04169
N00035555,Kiehne, Gary,R,AZ01,H4AZ01145
N00033395,Kildee, Dan,D,MI05,H2MI05119
N00034453,Kilmer, Derek,D,WA06,H2WA06129
N00004403,Kind, Ron,D,WI03,H6WI03099
N00001193,King, Pete,R,NY02,H2NY03089
N00025237,King, Steven A,R,IA04,H2IA05072
N00038757,King, Terri,R,OH08,H6OH08216
N00037291,Kingson, Eric,D,NY24,H6NY24169
N00037174,Kinlaw, Michael,R,COS1,S6CO00242
N00030667,Kinzinger, Adam,R,IL16,H0IL11052
N00038426,Kinzler, Jay,R,IL06,H6IL06158
N00012539,Kirk, Mark,R,ILS2,S0IL00261
N00029260,Kirkpatrick, Ann,D,AZS1,S6AZ00225
N00038754,Kirshner, Brandon,I,NY25,H6NY25158
N00004436,Kline, John,R,MN02,H8MN06047
N00038683,Knezek, Erick,R,LA03,H6LA03080
N00035820,Knight, Steve,R,CA25,H4CA25123
N00038657,Kokkonen, Matt,R,CA24,H6CA24329
N00038863,Konsmo, Mike,R,WY01,H6WY00134
N00038648,Kopsick, Joe,3,IL10,H6IL10150
N00037270,Kozell, Rick,R,FL18,H6FL18105
N00037622,Kraayvanger, Jason,I,WI01,H6WI01184
N00004231,Krause, Bob,D,IAS1,S0IA00101
N00035636,Krause, Joel,R,TX26,H4TX26081
N00033240,Krishnamoorthi, Raja,D,IL08,H6IL08147
N00037027,Kroeger, Gary,D,IA01,H6IA01163
N00030875,Kuster, Ann Mclane,D,NH02,H0NH02181
N00036949,Laboy, Zoe,3,PR00,H6PR00074
N00031377,Labrador, Raul,R,ID01,H0ID01253
N00036418,Lafrance, Nathan,L,AR03,H6AR03094
N00037031,LaHood, Darin,R,IL18,H6IL18088
N00033987,LaMalfa, Doug,R,CA01,H2CA02142
N00039029,Lamb, Thomas,R,AKS2,S6AK00136
N00028133,Lamborn, Douglas L,R,CO05,H6CO05159
N00000898,Lance, Leonard,R,NJ07,H6NJ12136
N00036981,Lane, James,3,NY11,H5NY11036
N00038629,Lange, Jim,D,FL15,H6FL15150
N00038750,Lange, John,R,NY18,H6NY18211
N00009724,Langevin, Jim,D,RI02,H0RI02139
N00031129,Lankford, James,R,OKS1,S4OK00232
N00038598,Laplante, Roger Alan,D,CA08,H6CA08199
N00035729,LaPolice, Alan,R,KS01,H4KS01059
N00027088,Larchuk, Steve,D,PA12,H6PA12089
N00038558,Larivee, Bob,R,CAS1,S6CA00758
N00030562,Larose, Josue,D,FLS2,S2FL00185
N00038632,Larose, Valencia,D,FL19,H6FL19079
N00031517,Larsen, David,R,NJ07,H6NJ07169
N00009759,Larsen, Rick,D,WA02,H0WA02080
N00038448,Larson, Donald,R,OH09,H6OH09099
N00000575,Larson, John B,D,CT01,H8CT01046
N00038427,Lasonde, Joan McCarthy,R,IL09,H6IL09145
N00012233,Latta, Robert E,R,OH05,H8OH05036
N00029470,Lauren, Robert,R,CA45,H8CA47052
N00036872,Law, Alexander,D,NJ01,H6NJ01188
N00036940,Law, Phil,R,NC03,H6NC03138
N00034068,Lawrence, Brenda,D,MI14,H2MI14111
N00036939,Lawrence, Mary,D,MN02,H6MN02123
N00037434,Laws, Jerry,R,CAS1,S6CA00717
N00035334,Leach, Ron,D,KYS2,S6KY00146
N00009918,Leahy, Patrick,D,VTS2,S4VT00017
N00008046,Lee, Barbara,D,CA13,H8CA09060
N00031696,Lee, Mike,R,UTS2,S0UT00165
N00037247,Lee, Susie,D,NV04,H6NV04020
N00038746,Lee, Yungman,D,NY07,H6NY07149
N00029403,Leeds, Robert,R,NVS2,S6NV00226
N00037292,Leib, Bryan,D,PA01,H6PA01165
N00029841,Lessig, Lawrence,D,PRES,P60009685
N00003950,Levin, Sander,D,MI09,H2MI17023
N00038400,Lewis, Jason,R,MN02,H6MN02149
N00002577,Lewis, John,D,GA05,H6GA05217
N00035059,Lewis, Marcus,D,IL02,H2IL02156
N00037054,Li, Lindy,D,PA07,H6PA07113
N00032290,Lieber, Arthur,D,MO02,H0MO02213
N00035295,Lieberman, Richard,D,LA06,H4LA06062
N00037445,Liebnitzky, Wayne,R,FL09,H6FL09195
N00038769,Lieske, Joel,R,OH09,H6OH09107
N00035825,Lieu, Ted,D,CA33,H4CA33119
N00031346,Lingerfelt, Charles,R,TX30,H0TX30032
N00027239,Lipinski, Daniel,D,IL03,H4IL03077
N00038799,Lloyd, James,R,TX07,H6TX07110
N00000851,LoBiondo, Frank A,R,NJ02,H2NJ02037
N00027741,Loebsack, David,D,IA02,H6IA02146
N00007479,Lofgren, Zoe,D,CA19,H4CA16049
N00030676,Long, Billy,R,MO07,H0MO07113
N00037033,Lopez, Adam,D,IL18,H6IL18120
N00038444,Lopez, Pete,R,NY19,H6NY19219
N00037495,Lopez-Cantera, Carlos,R,FLS2,S6FL00343
N00037493,Lopez-Cervantez, Joanne,I,AZS1,S6AZ00241
N00035347,Loudermilk, Barry,R,GA11,H4GA11061
N00033842,Love, Mia,R,UT04,H2UT04023
N00035572,Lowe, Thuy,R,FL05,H4FL05073
N00033274,Lowenthal, Alan,D,CA47,H2CA00104
N00001024,Lowey, Nita M,D,NY17,H8NY20056
N00037620,Lozano, Roy,R,TX24,H6TX24131
N00005559,Lucas, Frank D,R,OK03,H4OK06056
N00038439,Lucero, Michael Glenn,R,NM03,H6NM03075
N00037258,Lucius, Casey,R,CA20,H6CA20145
N00030026,Luetkemeyer, Blaine,R,MO03,H8MO09153
N00029562,Lujan, Ben R,D,NM03,H8NM03196
N00029788,Lummis, Cynthia,R,WY01,H8WY00148
N00038736,Lupinacci, Chad,R,NY03,H6NY03189
N00035946,Lynch, Matt,R,OH14,H4OH14110
N00013855,Lynch, Stephen F,D,MA08,H2MA09072
N00037268,Lynn, Eric,D,FL13,H6FL13189
N00036155,MacArthur, Thomas,R,NJ03,H4NJ03130
N00037058,Maddux, Robert,D,VA07,H6VA07114
N00038829,Madrigal, Ray,D,TX27,H6TX27100
N00038652,Maggitt, Jesse,D,IL14,H6IL14137
N00039065,Mahendra, Bobby,D,NVS2,S6NV00234
N00031530,Malik, Dean,R,PA08,H0PA08122
N00038614,Malloy, Patrick,D,CA50,H6CA50258
N00000078,Maloney, Carolyn B,D,NY12,H2NY14037
N00038590,Maloney, James,D,AZ01,H6AZ01223
N00034277,Maloney, Sean Patrick,D,NY18,H2NY22139
N00026710,Marchant, Kenny,R,TX24,H4TX24094
N00038727,Marin, Juan Antonio Jr,D,NC12,H6NC12048
N00031777,Marino, Tom,R,PA10,H0PA10078
N00038635,Marlowe, Hayden,R,GA03,H6GA03089
N00004766,Marshall, Robert,D,IL06,H0IL08033
N00037034,Marshall, Roger,R,KS01,H6KS01179
N00037294,Marsicano, Michael,D,PA11,H6PA11073
N00038562,Marter, James,R,ILS2,S6IL00334
N00038627,Martin, Jack,R,FL11,H6FL11217
N00038803,Martin, Jeff,R,TX09,H6TX09082
N00039030,Martin, John,R,ALS2,S6AL00328
N00038737,Martins, Jack,R,NY03,H6NY03197
N00037302,Marx, Angie,D,WA03,H6WA03176
N00037280,Mason, Christopher,R,MD06,H6MD06196
N00034041,Massie, Thomas,R,KY04,H2KY04121
N00037269,Mast, Brian,R,FL18,H6FL18097
N00037161,Masto, Catherine Cortez,D,NVS2,S6NV00200
N00038585,Mathis, Nathan,D,AL02,H6AL02167
N00037523,Matory, Liz,I,MD08,H6MD08507
N00027459,Matsui, Doris O,D,CA06,H6CA05195
N00038284,Matta, Bill,D,TX17,H6TX17093
N00037453,Matthews, Andy,R,NV03,H6NV03071
N00037281,Matthews, Kathleen,D,MD08,H6MD08481
N00038764,Matvey, Joe,R,OH08,H6OH08281
N00038825,Mauck, Eric,D,TX26,H6TX26102
N00038617,Maxwell, Matt,R,CT05,H6CT05140
N00026095,May, Donald,R,TX19,H4TX19185
N00038643,Mayers, Richard,3,IL05,H6IL05184
N00036174,McAffrey, Al,D,OK05,H6OK05251
N00039037,McBean, Scott,R,AZS1,S6AZ00274
N00006424,McCain, John,R,AZS1,S6AZ00019
N00035273,McCall, Matt,R,TX21,H4TX21041
N00038257,McCarter, Kyle,R,IL15,H6IL15084
N00028152,McCarthy, Kevin,R,CA23,H6CA22125
N00026460,McCaul, Michael,R,TX10,H4TX10093
N00035304,McClelland, Erin,D,PA12,H4PA12043
N00006863,McClintock, Tom,R,CA04,H8CA04152
N00038715,McCluskey, Blake,L,MS04,H6MS04200
N00012942,McCollum, Betty,D,MN04,H0MN04049
N00038555,McConnell, Jonathan,R,ALS2,S6AL00310
N00036854,McCoy, Dave,D,NCS2,S6NC00258
N00037589,McCullough, William,D,FL06,H6FL06126
N00009829,McDermott, Jim,D,WA07,H8WA07132
N00038857,McDermott, Joe,D,WA07,H6WA07441
N00038854,McDevitt, David,D,WA03,H6WA03184
N00038691,McDonough, Pat,R,MD02,H6MD02211
N00038290,McDowell, Jan,D,TX24,H6TX24149
N00037051,McFall, Jerald,R,NM03,H6NM03059
N00039034,McGill, Shadrack,R,ALS2,S6AL00385
N00037566,McGinty, Katie,D,PAS1,S6PA00266
N00000179,McGovern, James P,D,MA02,H4MA03022
N00038653,McGroarty, Colin,R,IL16,H6IL16082
N00026627,McHenry, Patrick,R,NC10,H4NC10047
N00033834,McKellar, Shirley,D,TX01,H2TX01062
N00031681,McKinley, David,R,WV01,H0WV01072
N00038674,McLaughlin, Nathaniel,D,KS03,H6KS03217
N00038709,McLeod, Johnny,3,MS02,H6MS02170
N00035329,McMichael, Craig,R,TX08,H6TX08183
N00026314,McMorris Rodgers, Cathy,R,WA05,H4WA05077
N00038728,McNeil, John,D,NC13,H6NC13046
N00026926,McNerney, Jerry,D,CA09,H4CA11081
N00033982,McSally, Martha,R,AZ02,H2AZ08102
N00033631,Meadows, Mark R,R,NC11,H2NC11080
N00033559,Mealer, John Lewis,I,AZS1,S6AZ00209
N00031134,Meehan, Patrick,R,PA07,H0PA07082
N00001171,Meeks, Gregory W,D,NY05,H8NY06048
N00038868,Meena, Jack,I,WY01,H6WY01066
N00038759,Meer, Edward,R,OH08,H6OH08232
N00038286,Mehaffey, Sam,R,TX19,H6TX19107
N00028428,Mellon, Rob,D,IL18,H4IL18109
N00037230,Meluskey, Alex,R,AZS1,S6AZ00217
N00037590,Mendenhall, David,I,FL23,H6FL23055
N00027936,Mendoza, Ben,D,TX16,H6TX16111
N00037022,Mendoza, Matt,R,CA53,H6CA53062
N00034547,Meng, Grace,D,NY06,H2NY06116
N00012546,Messer, Luke,R,IN06,H0IN02125
N00002793,Mica, John L,R,FL07,H2FL08055
N00007835,Mike, the Mover,R,WAS2,S6WA00347
N00036942,Millard, Andy,D,NC10,H6NC10158
N00038697,Miller, Darlene,R,MN02,H6MN02198
N00013846,Miller, Jeff,R,FL01,H2FL01100
N00036924,Mills, Chip,R,MS01,H5MS01018
N00036491,Mills, John,R,TN08,H4TN08099
N00038724,Mills, Thomas,D,NC08,H6NC08145
N00037444,Minning, Dena,D,FL09,H6FL09187
N00038745,Mirza, Ali,D,NY05,H6NY05069
N00036274,Mitchell, Paul,R,MI10,H4MI04118
N00038663,Mix, Richard,R,GA03,H6GA03097
N00037409,Moharir, Mukund Martand,I,CAS1,S6CA00709
N00036900,Molnar, Robert,R,CAS1,S6CA00568
N00036271,Molyett, Matthew,D,MD03,H4MD03115
N00036275,Moolenaar, John,R,MI04,H4MI04126
N00033814,Mooney, Alex,R,WV02,H4WV02080
N00026914,Moore, Gwen,D,WI04,H4WI04183
N00005282,Moran, Jerry,R,KSS2,S0KS00091
N00038430,Morgan, Yuripzy,R,MD06,H6MD02203
N00037266,Morning, John,R,FL07,H6FL07108
N00037605,Morrison, Terrance,D,MI14,H6MI14195
N00008363,Morrow, John,R,IL02,H6IL02199
N00038413,Morse, Nicholas,R,CO02,H6CO02149
N00038672,Moss, Richard,R,IN08,H6IN08228
N00035431,Moulton, Seth,D,MA06,H4MA06090
N00037181,Mowery, Tod,R,FL18,H6FL18089
N00035416,Mowrer, Jim,D,IA03,H4IA04113
N00033410,Mullin, Markwayne,R,OK02,H2OK02083
N00031412,Mulvaney, Mick,R,SC05,H0SC05031
N00038248,Murdock, Brett,D,CA39,H6CA39137
N00026050,Murkowski, Lisa,R,AKS2,S4AK00099
N00037529,Muroff, Dan,D,PA02,H6PA02155
N00037619,Murphy, John,R,TX21,H6TX21210
N00035289,Murphy, Pat,D,IA01,H4IA01069
N00033091,Murphy, Patrick,D,FLS2,S6FL00319
N00024992,Murphy, Tim,R,PA18,H2PA18143
N00007876,Murray, Patty,D,WAS2,S2WA00189
N00037177,Musante, Marcus,D,CA44,H6CA44111
N00038265,Myhra, Pam,R,MN02,H6MN02156
N00038642,Myrickes, Dorian,D,IL02,H6IL02264
N00000939,Nadler, Jerrold,D,NY10,H2NY17071
N00039033,Nana, Charles,D,ALS2,S6AL00369
N00036930,Nance, Kathryn,R,CA09,H6CA09098
N00006789,Napolitano, Grace,D,CA32,H8CA34068
N00038568,Nasiri, Mohammad Abous Sabur,I,NCS2,S6NC00290
N00037399,Nathan, Bruce,I,FLS2,S6FL00327
N00035377,Naughton, Shaughnessy,D,PA08,H4PA08116
N00037584,Navarro, Omar,R,CA44,H6CA44145
N00000153,Neal, Richard E,D,MA01,H8MA02041
N00036781,Neely, Charles,I,AR02,H4AR02182
N00037025,Negron, Rebecca,R,FL18,H6FL18055
N00026043,Neugebauer, Randy,R,TX19,H4TX19102
N00038395,Neville, Tim,R,COS1,S6CO00259
N00036403,Newhouse, Dan,R,WA04,H4WA04104
N00037600,Newton, William,R,MD07,H6MD07434
N00037441,Nguyen, Bao,D,CA46,H6CA46140
N00037521,Nightenhelser, Todd,D,IN03,H6IN03245
N00037517,Nikpour, Noelle,R,FL18,H6FL18139
N00038398,Noble, Sandra Queen,3,CA08,H6CA08181
N00032022,Noem, Kristi,R,SD01,H0SD00054
N00021207,Nolan, Rick,D,MN08,H2MN08111
N00037250,Noland, Michael,D,IL08,H6IL08162
N00036154,Norcross, Don,D,NJ01,H4NJ01084
N00021222,Norris, Chuck,D,CO01,H6CO06017
N00033875,Norris, Phil,R,AL04,H6AL04148
N00001692,Norton, Eleanor Holmes,D,DC00,H0DC00058
N00030734,Novak, Daria,R,CT02,H0CT02140
N00032441,Nugent, Richard,R,FL11,H0FL05139
N00007248,Nunes, Devin,R,CA22,H8CA20059
N00036943,O'Connor, Shawn,D,NH01,H6NH01271
N00037515,O'Halleran, Tom,D,AZ01,H6AZ01199
N00031956,O'Hara, Shawn,3,MS04,H0MS03049
N00037007,O'Malley, Martin,D,PRES,P60007671
N00038689,O'Malley, Tom,R,MA09,H6MA09156
N00033540,O'Rourke, Beto,D,TX16,H2TX16185
N00033404,Oceguera, John,D,NV04,H6NV04038
N00038749,Oliva, Phil,R,NY18,H6NY18203
N00013843,Olivas, Miguel,D,AZ01,H6AZ01181
N00038587,Olree, Brock,R,AR02,H6AR02252
N00029285,Olson, Pete,R,TX22,H8TX22107
N00029512,Orentlicher, David,D,IN08,H8IN07176
N00037413,Orton, Bill,D,CA44,H6CA44137
N00038675,Osborne, Tom,D,KY01,H6KY01136
N00037496,Osborne, Walter,3,FLS2,S6FL00368
N00037013,Ostrander, Bill,D,CA24,H6CA24287
N00037189,Otto, Bill,D,MO02,H6MO02301
N00038723,Otto, Mark,R,NC07,H6NC07162
N00038704,Owens, Jacob,D,MS01,H6MS01263
N00038664,Pace, Jim,R,GA03,H6GA03105
N00039049,Pahlke, Elizabeth Diane,R,ILS2,S6IL00367
N00035766,Pakootas, Joe,D,WA05,H4WA05127
N00038808,Palacios, Juan Jr,D,TX15,H6TX15154
N00031958,Palazzo, Steven,R,MS04,H0MS04120
N00000781,Pallone, Frank Jr,D,NJ06,H8NJ03073
N00035691,Palmer, Gary,R,AL06,H4AL06098
N00037157,Palzer, Tom,R,CAS1,S6CA00675
N00038601,Panetta, Jimmy,D,CA20,H6CA20152
N00038261,Pape, Michael,R,KY01,H6KY01128
N00038622,Pappas, George,D,FL06,H6FL06159
N00037012,Parra, Daniel,D,CA21,H6CA21192
N00038458,Parrish, Don,R,TX19,H6TX19156
N00000751,Pascrell, Bill Jr,D,NJ09,H6NJ08118
N00028981,Pataki, George,R,PRES,P60007572
N00038816,Pate, Ava,R,TX18,H6TX18158
N00036933,Patel, Ravi,D,IA01,H6IA01155
N00038815,Patterson, Ralph,R,TX17,H6TX17119
N00038437,Patterson, Robert W,R,NJ01,H6NJ01204
N00038623,Patty, Brandon,R,FL06,H6FL06167
N00030836,Paul, Rand,R,KYS2,S0KY00156
N00029391,Paulsen, Erik,R,MN03,H8MN03077
N00036986,Pavlov, Phil,R,MI10,H6MI10193
N00037162,Pawlowski, Ed,D,PAS1,S6PA00258
N00034639,Payne, Donald M Jr,D,NJ10,H2NJ10154
N00012672,Pearce, Steve,R,NM02,H2NM02126
N00035203,Pearson, Cecil Jr,D,KYS2,S6KY00096
N00038404,Pearson, Michael,D,MDS2,S6MD03490
N00007360,Pelosi, Nancy,D,CA12,H8CA05035
N00036991,Pena-Melnyk, Joseline,D,MD04,H6MD04217
N00038409,Perez, Connie,D,CA21,H6CA21200
N00037502,Perez, Frank,D,FL27,H6FL27015
N00037527,Perkins, Bill,D,NY13,H6NY13121
N00035512,Perkins, Jo Rae,R,OR04,H6OR04203
N00038630,Perkins, Randy,D,FL18,H6FL18147
N00027510,Perlmutter, Edwin G,D,CO07,H6CO07023
N00037610,Perry, Mary,R,NV01,H6NV01208
N00033486,Perry, Rick,R,PRES,P20003281
N00034120,Perry, Scott,R,PA04,H2PA04135
N00038288,Persinger, Scott,R,TX20,H6TX20097
N00038785,Pesquera, Carlos,3,PR00,H6PR01023
N00036895,Peter, Richard,R,TX32,H6TX00131
N00033591,Peters, Scott,D,CA52,H2CA52089
N00004558,Peterson, Collin,D,MN07,H2MN07014
N00038824,Peterson, Hart,R,TX23,H6TX23208
N00038282,Petri, Scott,R,PA08,H6PA08244
N00037597,Pfaff, Jim,R,IN09,H6IN09168
N00038821,Phelps, Todd,R,TX21,H6TX21236
N00038417,Phillips, Bill,D,FL07,H6FL07116
N00038752,Phillips, George,R,NY22,H6NY22098
N00037421,Picus, Preston,I,CA12,H6CA12175
N00039040,Pierce, Douglas,D,CAS1,S6CA00790
N00038634,Pierre-Charles, Idson,D,FL24,H6FL24046
N00013817,Pingree, Chellie,D,ME01,H8ME01120
N00036996,Pirkle, Greg,R,MS01,H5MS01091
N00030781,Pistone, John,R,CT05,H0CT05127
N00034416,Pittenger, Robert,R,NC09,H2NC09134
N00001633,Pitts, Joe,R,PA16,H6PA16197
N00038557,Pizer, David,R,AZS1,S6AZ00266
N00035000,Plaskett, Stacey,D,VI00,H2VI00082
N00036935,Plaster, Mark,R,MD03,H6MD03441
N00037443,Ploeckelmann, Michael,I,FL05,H6FL05185
N00037290,Plumb, John,D,NY23,H6NY23518
N00033549,Pocan, Mark,D,WI02,H2WI02124
N00038626,Poe, Bob,D,FL10,H6FL10169
N00026457,Poe, Ted,R,TX02,H4TX02108
N00034584,Poliquin, Bruce,R,ME02,H4ME02234
N00029127,Polis, Jared,D,CO02,H8CO02137
N00030744,Pompeo, Mike,R,KS04,H0KS04051
N00003682,Portman, Rob,R,OHS2,S0OH00133
N00029662,Posey, Bill,R,FL08,H8FL15107
N00000962,Powell, Adam Clayton IV,D,NY13,H4NY15071
N00038569,Prather, Kelli,D,OHS2,S6OH00270
N00002260,Price, David,D,NC04,H6NC04037
N00038625,Price, Leroi,I,FL09,H6FL09229
N00026160,Price, Tom,R,GA06,H4GA06087
N00037498,Prince, Joseph,3,NYS2,S6NY00391
N00038851,Pugh, D Clay,D,VA09,H6VA09060
N00038670,Purdy, Polly Jesus,D,IN05,H6IN05224
N00037580,Putman, David,D,AL06,H6AL06127
N00039042,Pybrum, Steven,R,CAS1,S6CA00816
N00030581,Quigley, Mike,D,IL05,H0IL05096
N00036556,Quinn, Dennis C,D,MS03,H4MS03041
N00038556,Quinn, Pat,I,AZS1,S6AZ00258
N00034563,Quintanilla, Carlos,D,TX33,H6TX33025
N00038811,Quintanilla, Joel,D,TX15,H6TX15188
N00025157,Raasch, Wayne,D,TX27,H6TX27068
N00036728,Rab, Aejaz,D,CA30,H4CA30123
N00037587,Rabinowitz, Jeffrey G,I,FL10,H6FL00103
N00007635,Radewagen, Amata Coleman,R,AS00,H4AS00036
N00038461,Ramsland, Russ,R,TX32,H6TX32050
N00037414,Randolph, Susannah,D,FL09,H6FL09161
N00037267,Rangel, Ricardo,D,FL09,H6FL09153
N00037278,Ransom, Lisa,D,MD04,H6MD04241
N00037036,Raskin, Jamie,D,MD08,H6MD08457
N00035972,Ratcliffe, John Lee,R,TX04,H4TX04153
N00036921,Raty, Timothy A,I,IDS2,S6ID00096
N00036553,Ray, Troy,I,MS02,H4MS02183
N00035229,Rayburn, Charles,D,IL02,H4IL02236
N00036045,Recktenwald, Tom,D,KYS2,S4KY00158
N00037582,Redd, Shawn,R,AZ01,H6AZ01207
N00030949,Reed, Tom,R,NY23,H0NY29054
N00038410,Reed, Wendy,D,CA23,H6CA23206
N00026885,Reichert, Dave,R,WA08,H4WA08071
N00036994,Reigle, Hans,R,DE01,H6DE01071
N00031127,Renacci, Jim,R,OH16,H0OH16097
N00038253,Rentas, Wanda,R,FL09,H6FL09203
N00038567,Rey, Chris,D,NCS2,S6NC00282
N00038276,Reynolds, Roger,R,OH08,H6OH08133
N00030968,Ribble, Reid,R,WI08,H0WI08075
N00035927,Rice, Kathleen,D,NY04,H4NY04075
N00033832,Rice, Tom,R,SC07,H2SC07066
N00038275,Rich, Roy,D,OH07,H6OH07127
N00035361,Richards, Ronny,D,OH02,H4OH02131
N00030184,Richmond, Cedric,D,LA02,H8LA02054
N00030962,Rigell, Scott,R,VA02,H0VA02084
N00035642,Ritchie, Jason,D,WA08,H4WA08121
N00038561,Rivera, Ernesto J,R,FLS2,S6FL00418
N00038758,Robbins, Jim,R,OH08,H6OH08224
N00037285,Roberson, Michael,R,NV03,H6NV03063
N00038721,Roberts, Jim,D,NC06,H6NC06131
N00038772,Roberts, Shawn,R,OK04,H6OK04122
N00037616,Roberts, Timothy,I,TN06,H6TN06130
N00038457,Robertson, Glen,R,TX19,H6TX19131
N00036946,Robertson, Terry,R,OH07,H6OH07119
N00030768,Roby, Martha,R,AL02,H0AL02087
N00031007,Roche, Frank,R,NC02,H0NC04147
N00038414,Rochester, Lisa Blunt,D,DE01,H6DE00206
N00038425,Roderick, Steve,R,ID02,H6ID02175
N00028463,Roe, Phil,R,TN01,H6TN01388
N00038405,Rogers, Bob,R,AL02,H6AL02159
N00036983,Rogers, David,R,CA16,H6CA16135
N00003473,Rogers, Hal,R,KY05,H0KY05015
N00024759,Rogers, Mike D,R,AL03,H2AL03032
N00007151,Rohrabacher, Dana,R,CA48,H8CA42061
N00031741,Rokita, Todd,R,IN04,H0IN04170
N00037609,Romeo, Mike,R,NM03,H6NM03067
N00038447,Ronan, Samuel,D,OH01,H6OH01088
N00029018,Rooney, Tom,R,FL17,H8FL16022
N00002858,Ros-Lehtinen, Ileana,R,FL27,H0FL18025
N00038784,Rosa, Angel,D,PR00,H6PR01015
N00038797,Roseman, Jeffrey,D,TX06,H6TX06161
N00038720,Roseman, Jeffrey Lee,I,NC06,H6NC06115
N00038734,Rosen, Jacky,D,NV03,H6NV03139
N00039044,Rosier, Donald,R,COS1,S6CO00267
N00004719,Roskam, Peter,R,IL06,H6IL06117
N00038565,Ross, Deborah,D,NCS2,S6NC00266
N00030645,Ross, Dennis,R,FL15,H0FL12101
N00031625,Ross, Henry,R,MS01,H0MS01050
N00036988,Rotering, Nancey Rodkin,D,IL10,H6IL10135
N00038631,Roth, Rick,R,FL18,H6FL18162
N00031253,Rothfus, Keith J,R,PA12,H0PA04220
N00037607,Rouco, George,R,NC09,H6NC09176
N00038838,Roughneen, Cherie Myint,R,TX32,H6TX32084
N00036086,Rourke, Robb,D,TX22,H4TX36072
N00033527,Rouzer, David,R,NC07,H2NC07096
N00006671,Roybal-Allard, Lucille,D,CA40,H2CA33048
N00008264,Royce, Ed,R,CA39,H6CA39020
N00038263,Rubin, Joel,D,MD08,H6MD08523
N00030612,Rubio, Marco,R,PRES,P60006723
N00037040,Rucker, Austin,R,MO05,H6MO05205
N00033510,Ruiz, Raul,D,CA36,H2CA36439
N00025482,Ruppersberger, Dutch,D,MD02,H2MD02160
N00004887,Rush, Bobby L,D,IL01,H2IL01042
N00036175,Russell, Steven,R,OK05,H4OK05132
N00038699,Ryan, Greg,R,MN04,H6MN04236
N00004357,Ryan, Paul,R,WI01,H8WI01024
N00025280,Ryan, Tim,D,OH13,H2OH17109
N00030418,Sablan, Gregorio,I,MP00,H8MP00041
N00037613,Sadoff, Eli,3,PA08,H6PA08236
N00037446,Salas, Javier,D,IL04,H6IL04146
N00038582,Salinas, Xavier,R,TX15,H6TX15196
N00006446,Salmon, Matt,R,AZ05,H4AZ01038
N00038591,San Miguel, Edna,R,AZ03,H6AZ03179
N00037038,Sanborn, Alan,R,MI10,H6MI10201
N00037261,Sanchez, Heberto,D,CA46,H6CA46124
N00024870,Sanchez, Linda,D,CA38,H2CA39078
N00008274,Sanchez, Loretta,D,CAS1,S6CA00691
N00000528,Sanders, Bernie,D,PRES,P60007168
N00038747,Sanders, Jaime,R,NY09,H6NY09137
N00038744,Sanders, James Jr,D,NY05,H6NY05051
N00002424,Sanford, Mark,R,SC01,H4SC01073
N00036948,Santarsiero, Steve,D,PA08,H6PA08228
N00038624,Santiago, David,R,FL06,H6FL06175
N00001380,Santorum, Rick,R,PRES,P20002721
N00027751,Sarbanes, John,D,MD03,H6MD03292
N00038250,Savary, Sue,D,CA48,H6CA48237
N00036189,Savitt, Marc,R,WV02,H6WV02093
N00037526,Sbaih, Jesse,D,NV03,H6NV03089
N00009660,Scalise, Steve,R,LA01,H0LA01087
N00038834,Schafranek, Robert,R,TX29,H6TX29080
N00004724,Schakowsky, Jan,D,IL09,H8IL09067
N00028138,Schatz, Brian,D,HIS1,S4HI00136
N00038262,Scheminant, Kevin,D,MD02,H6MD02195
N00009585,Schiff, Adam,D,CA28,H0CA27085
N00035317,Schnackenberg, Matt,L,FL11,H4FL11063
N00033101,Schneider, Brad,D,IL10,H2IL10068
N00037016,Schneider, Helene,D,CA24,H6CA24311
N00029273,Schock, Aaron,R,IL18,H8IL18043
N00030071,Schrader, Kurt,D,OR05,H8OR05107
N00035367,Schroeder, Daniel Michael,R,MDS2,S6MD03433
N00037183,Schroeder, Will,D,IL10,H6IL10143
N00026106,Schultz, Debbie Wasserman,D,FL23,H4FL20023
N00001093,Schumer, Charles E,D,NYS2,S8NY00082
N00006460,Schweikert, David,R,AZ06,H4AZ06045
N00032457,Scott, Austin,R,GA08,H0GA08099
N00002147,Scott, Bobby,D,VA03,H6VA01117
N00024871,Scott, David,D,GA13,H2GA13012
N00037195,Scott, Elizabeth,R,WA01,H6WA01170
N00031782,Scott, Tim,R,SCS1,S4SC00240
N00037586,Seay, Bob,D,CO04,H6CO04160
N00004291,Sensenbrenner, F James Jr,R,WI05,H8WI09050
N00037583,Seretskiy, Yuriy,I,CA28,H6CA28163
N00001813,Serrano, Jose E,D,NY15,H0NY18065
N00005681,Sessions, Pete,R,TX32,H2TX03126
N00028049,Sestak, Joe,D,PAS1,S0PA00434
N00030622,Sewell, Terri A,D,AL07,H0AL07086
N00038608,Shammas, Joe,D,CA29,H6CA29211
N00038443,Shaver, Rob,R,NY19,H6NY19201
N00028091,Shea-Porter, Carol,D,NH01,H6NH01230
N00038712,Sheets, Lajena,3,MS03,H6MS03194
N00009920,Shelby, Richard C,R,ALS2,S6AL00013
N00038249,Shepherd, Doug,R,CA41,H6CA41182
N00035390,Sheridan, Tim,D,CA42,H4CA42086
N00006897,Sherman, Brad,D,CA30,H6CA24113
N00038666,Sherman, Rob,3,IL05,H6IL05176
N00038638,Sherzan, Mike,D,IA03,H6IA03243
N00004961,Shimkus, John M,R,IL15,H2IL20042
N00038251,Short, Bryon Hall,D,DE01,H6DE00198
N00039055,Short, Grant,D,KYS2,S6KY00153
N00038581,Showen, Paul,R,FLS2,S6FL00392
N00038264,Shudofsky, Aryeh,R,MD08,H6MD08531
N00013770,Shuster, Bill,R,PA09,H2PA09035
N00038679,Sidle, Calvin,D,KY04,H6KY04106
N00006263,Simpson, Mike,R,ID02,H8ID02064
N00038281,Sims, Brian,D,PA02,H6PA02163
N00038455,Sims, Kaleb,R,TX17,H6TX17101
N00033983,Sinema, Kyrsten,D,AZ09,H2AZ09019
N00038735,Singer, Alex,D,NV03,H6NV03147
N00027523,Sires, Albio,D,NJ08,H6NJ13191
N00036923,Sittenfeld, P G,D,OHS2,S6OH00247
N00010719,Skolnick, Shelly,R,MD08,H2MD08084
N00001311,Slaughter, Louise M,D,NY25,H6NY03031
N00039058,Slaughter, Stephen,R,KYS2,S6KY00187
N00037056,Slavens, John,R,TX03,H6TX03150
N00037423,Smigiel, Mike,R,MD01,H6MD01213
N00007833,Smith, Adam,D,WA09,H6WA09025
N00027623,Smith, Adrian,R,NE03,H6NE03115
N00038693,Smith, Ande,R,ME01,H6ME01215
N00009816,Smith, Chris,R,NJ04,H8NJ04014
N00038204,Smith, Dennis,D,OH08,H6OH08125
N00035396,Smith, Glo,R,FL05,H4FL05065
N00035282,Smith, Jason,R,MO08,H4MO08162
N00008327,Smith, Joe,R,FLS2,S8FL00026
N00001811,Smith, Lamar,R,TX21,H6TX21012
N00038768,Smith, Michael,R,OH08,H6OH08323
N00038781,Smucker, Lloyd,R,PA16,H6PA16320
N00037188,Sol-Gutierrez, Ana,D,MD08,H6MD08473
N00038859,Solen, Ryan,D,WI01,H6WI01192
N00038826,Somerville,Robert Eric,R,TX26,H6TX26110
N00037422,Soto, Darren,D,FL09,H6FL09179
N00036530,Spain, Paul,R,FL18,H4FL22110
N00037410,Spalding, Carla,R,FL18,H6FL18121
N00038442,Spampinato, Frank,R,NY18,H6NY18187
N00037046,Sparks, Daniel,R,MS01,H6MS01230
N00029649,Speier, Jackie,D,CA14,H8CA12171
N00037403,Spotorno, Frank,R,NYS2,S6NY00383
N00038755,Spurlino, Jim,R,OH08,H6OH08190
N00038199,Staley, Violet,D,MDS2,S6MD03482
N00038662,Standard, Sean,R,FL21,H6FL21026
N00038573,Starr, Michael Bob,R,TX19,H6TX19149
N00037055,Starrett, Grant,R,TN04,H6TN04184
N00037256,Steele, Victoria,D,AZ02,H6AZ02171
N00035523,Stefanik, Elise,R,NY21,H4NY21079
N00033776,Stein, Jill,3,PRES,P20003984
N00037593,Stella, Dominick,R,IL11,H6IL11133
N00036804,Stephens, Barry,R,ME01,H6ME01223
N00035961,Stern, Everett,R,PAS1,S6PA00241
N00038740,Stern, Steve,D,NY03,H6NY03221
N00033932,Stewart, Chris,R,UT02,H2UT02324
N00039069,Stewart, Faye,R,ORS2,S6OR05093
N00038711,Stewart, Nathan,D,MS03,H6MS03186
N00038856,Stilwell, Jeff,D,WA07,H6WA07433
N00038200,Stine, Kevin,D,ORS2,S6OR05085
N00029574,Stivers, Steve,R,OH15,H8OH15076
N00037585,Stokham, Casper,R,CO01,H6CO01208
N00034175,Stone, Damian,D,FL12,H6FL12173
N00038612,Stone, Jeff,R,CA36,H6CA36182
N00035673,Stovall, Dwayne,R,TX36,H6TX36010
N00037279,Strait, Terence,D,MD04,H6MD04258
N00038246,Strauss, Ray,R,AZ04,H6AZ04177
N00033103,Straw, Andrew,R,IL08,H6IL04138
N00003730,Strickland, Ted,D,OHS2,S6OH00254
N00036760,Strzala, Melissa,R,OHS2,S6OH00239
N00038867,Stubson, Tim,R,WY01,H6WY01058
N00030891,Stutzman, Marlin,R,INS2,S0IN00095
N00038196,Sundheim, Duf,R,CAS1,S6CA00741
N00034752,Sunthonchart, Paiboon Jr,I,FLS2,S2FL00367
N00038742,Suozzi, Tom,D,NY03,H6NY03247
N00036916,Swaim, Jason,I,CAS1,S6CA00592
N00033508,Swalwell, Eric,D,CA15,H2CA15094
N00037041,Swartz, Donnie,R,MO06,H6MO06203
N00038837,Sweeney, Mike,R,TX31,H6TX31052
N00038814,Sweeten, Randy,D,TX15,H6TX15212
N00008079,Swing, Gary,3,COS1,S8CO00099
N00037553,Swinton, Jonathan,D,UTS2,S6UT00238
N00038564,Szeliga, Kathy,R,MDS2,S6MD03508
N00033798,Tacherra, Johnny,R,CA16,H2CA16100
N00029848,Taddeo, Annette,D,FL26,H8FL00034
N00036927,Tagert, Mike,R,MS01,H5MS01042
N00035535,Takai, Mark,D,HI01,H4HI01134
N00006701,Takano, Mark,D,CA41,H2CA43245
N00037276,Tams, Michael,R,IL11,H6IL11125
N00031176,Tarkanian, Danny,R,NV03,H2NV04045
N00039036,Tate, Jason,I,ARS2,S6AR00157
N00036909,Taub, Russ,R,RI01,H4RI01133
N00038416,Taylor, Dwayne L,D,FL06,H6FL06134
N00038771,Taylor, James,R,OK04,H6OK04114
N00035957,Taylor, Kerith Strano,D,PA05,H4PA05062
N00037024,Taylor, Priscilla,D,FL18,H6FL18048
N00036334,Teijeiro, Annette,R,NV03,H6NV03097
N00038463,Teng, Chia-Chi,R,UT03,H6UT03166
N00038620,Thies, Charles,I,FL01,H6FL01093
N00038778,Thomas, Brian,R,PA08,H6PA08269
N00038574,Thomas, Kathleen,D,TX25,H6TX25179
N00037437,Thomas, Mary,R,FL02,H6FL02190
N00036075,Thomas, William Joseph,D,IN09,H4IN09098
N00003288,Thompson, Bennie G,D,MS02,H4MS02068
N00038399,Thompson, Geraldine,D,FL10,H6FL10136
N00029736,Thompson, Glenn,R,PA05,H8PA05071
N00036931,Thompson, Kirk,R,CA36,H6CA36158
N00007419,Thompson, Mike,D,CA05,H8CA01109
N00006052,Thornberry, Mac,R,TX13,H4TX13014
N00038431,Thornton, Alvin,D,MD04,H6MD04266
N00037191,Throne-Holst, Anna,D,NY01,H6NY01126
N00004572,Thune, John,R,SDS1,S2SD00068
N00038794,Thurgood, Keith,R,TX03,H6TX03184
N00009699,Tiberi, Patrick J,R,OH12,H0OH12062
N00038641,Tillman, Jimmy Lee II,R,IL01,H6IL01175
N00027509,Tipton, Scott,R,CO03,H6CO03139
N00030191,Titus, Dina,D,NV01,H8NV03036
N00038462,Tokar, Jeff,R,TX32,H6TX32068
N00038271,Tolerton, Nicholas,I,NC13,H6NC13038
N00038698,Tollefson, Jon,D,MN03,H6MN03147
N00037595,Tom, Kip,R,IN03,H6IN03252
N00038639,Tomkins, Anthony,I,ID02,H6ID02183
N00030196,Tonko, Paul,D,NY20,H8NY21203
N00038706,Toole, Cathy,3,MS01,H6MS01289
N00001489,Toomey, Pat,R,PAS1,S4PA00121
N00036107,Torres, Norma,D,CA35,H4CA35031
N00038801,Toth, Steve,R,TX08,H6TX08175
N00038252,Townsend, Bryan,D,DE01,H6DE01089
N00038688,Tribandis, Tommy,L,MA02,H6MA02094
N00035607,Trott, Dave,R,MI11,H4MI11097
N00038741,Trotta, Rob,R,NY03,H6NY03239
N00023864,Trump, Donald,R,PRES,P80001571
N00038570,Tsimerman, Alex,I,WAS2,S6WA00339
N00029026,Tsongas, Niki,D,MA03,H8MA05143
N00037518,Tuck, Mickey,R,GA14,H6GA14011
N00037035,Turner, Ingrid,D,MD04,H6MD04225
N00025175,Turner, Michael R,R,OH10,H2OH03067
N00037606,Tuttle, Bailey,I,NC08,H6NC08137
N00038866,Tyrrel, Charlie,R,WY01,H6WY01041
N00004133,Upton, Fred,R,MI06,H6MI04113
N00038822,Vakil, Tejas,D,TX21,H6TX21244
N00033367,Valadao, David,R,CA21,H2CA20094
N00037603,Valle, John Paul,R,MI11,H6MI11175
N00037284,Van Blarcom, Cory Scott,R,NE02,H6NE02133
N00013820,Van Hollen, Chris,D,MDS2,S6MD03441
N00030108,Van Raam, Douglas S,3,CAS1,S6CA00725
N00033703,Van Steenwyk, Clair,R,AZS1,S2AZ00216
N00038835,Vance, Brandon,D,TX30,H6TX30138
N00038242,Vance, Chris,R,WAS2,S6WA00321
N00038650,Vandersand, Ethan,R,IL13,H6IL13139
N00007021,Vargas, Juan,D,CA51,H2CA50026
N00038459,Vargas, Phillip,D,TX23,H6TX23182
N00033839,Veasey, Marc,D,TX33,H2TX33073
N00037023,Vega, Angel L,D,FL10,H6FL10128
N00034349,Vela, Filemon,D,TX34,H2TX27190
N00001102,Velazquez, Nydia M,D,NY07,H2NY00010
N00037021,Veltmeyer, James,R,CA53,H6CA53054
N00035410,Vernon, Monica,D,IA01,H4IA01077
N00038592,Villarreal, James,D,AZ03,H6AZ03187
N00037417,Villarreal, Ruben,R,TX15,H6TX15147
N00037175,Vince, Lou,D,CA25,H6CA25151
N00003813,Visclosky, Pete,D,IN01,H4IN01012
N00036779,Vivoni, Miguel Hernandez,3,PR00,H4PR00095
N00007470,Vlakancic, Connor,I,IL18,H6IL18146
N00037599,Vogt, Dave,R,MD06,H6MD06238
N00038774,Volpe, Frank,R,OK05,H6OK05269
N00037277,Vowell, Edward,D,IL12,H6IL12107
N00038848,Wade, Mike,R,VA07,H6VA07130
N00033106,Wagner, Ann L,R,MO02,H2MO02102
N00038289,Wakely, Tom,D,TX21,H6TX21228
N00037301,Walbeck, Matthew,R,TX34,H6TX34015
N00026368,Walberg, Tim,R,MI07,H4MI07103
N00007690,Walden, Greg,R,OR02,H6OR02116
N00038422,Walker, Kimberly H,D,FL13,H6FL13197
N00035311,Walker, Mark,R,NC06,H4NC06052
N00036995,Walker, Scott,R,PRES,P60006046
N00038855,Walkinshaw, Brady,D,WA07,H6WA07425
N00031226,Walorski, Jackie,R,IN02,H0IN02190
N00035391,Walters, Mimi,R,CA45,H4CA45097
N00037522,Waltz, Brent,R,IN09,H6IN09150
N00038651,Walz, Jim,D,IL14,H6IL14129
N00027467,Walz, Timothy J,D,MN01,H6MN01174
N00037492,Ward, Kelli,R,AZS1,S6AZ00233
N00038637,Ware, Leonard,D,GA10,H6GA10159
N00027702,Warren, Andy,R,PA08,H6PA08210
N00038818,Warren, DeRenda,R,TX19,H6TX19172
N00006690,Waters, Maxine,D,CA43,H4CA23011
N00037018,Watson, Lupe Ramos,R,CA36,H6CA36166
N00037519,Weaver, Kim,D,IA04,H6IA04134
N00028058,Webb, Jim,D,PRES,P60008885
N00038575,Webb, Mike,R,VA08,H6VA08229
N00033539,Weber, Randy,R,TX14,H2TX14149
N00026335,Webster, Daniel,R,FL10,H0FL08208
N00000515,Welch, Peter,D,VT01,H6VT00160
N00033310,Wenstrup, Brad,R,OH02,H2OH02085
N00038588,Wescott, Mathew,I,AR02,H6AR02260
N00038775,West, Ben,R,OR05,H6OR05150
N00010640,West, Larry J,R,KY03,H6KY03165
N00038586,West, Mark,L,AR01,H6AR01114
N00035527,Westerman, Bruce,R,AR04,H4AR04048
N00038813,Westley, Tim,R,TX15,H6TX15204
N00026163,Westmoreland, Lynn A,R,GA03,H4GA08067
N00036252,Wheeler, Marihelen,D,FL03,H4FL03110
N00038428,White, Herman,R,IL11,H6IL11141
N00036984,White, Jim,D,MO04,H6MO04216
N00038401,White, Kevin Francis Lt col,R,OH08,H6OH08166
N00038846,Whited, Joe,R,VA05,H6VA05134
N00003467,Whitfield, Ed,R,KY01,H4KY01040
N00035661,Whitney, Terry,R,MI05,H6MI05201
N00036925,Whitwell, Quentin,R,MS01,H5MS01026
N00037594,Wicklund, Mark,D,IL13,H6IL13121
N00037494,Wilcox, Todd,R,FLS2,S6FL00335
N00039056,Wilder, Sellus,D,KYS2,S6KY00161
N00027253,Wildes, Michael,D,NJ09,H4NJ09095
N00012956,Wiley, Albert Jr,R,NC10,H0NC01036
N00033759,Williams, Clyde,D,NY13,H2NY15109
N00035418,Williams, David III,R,IL09,H4IL09074
N00037005,Williams, Paul,D,TX15,H6TX15139
N00030602,Williams, Roger,R,TX25,H2TX33040
N00038446,Williams, Steve,D,NY24,H6NY24185
N00039043,Williamson, Jarrell,R,CAS1,S6CA00824
N00038449,Willis, Colm,R,OR05,H6OR05143
N00038432,Willmert, Andrew,I,MN02,H6MN02172
N00038707,Wilson, Chase,L,MS01,H6MS02154
N00030650,Wilson, Frederica,D,FL24,H0FL17068
N00024809,Wilson, Joe,R,SC02,H2SC02059
N00037604,Winfrey, Janice,D,MI13,H6MI13213
N00038701,Winge, Kevin,3,MN07,H6MN07296
N00038454,Winston, Simon,R,TX01,H6TX01246
N00035630,Winteregg, J D,R,OH08,H4OH08062
N00029459,Wittman, Rob,R,VA01,H8VA01147
N00037232,Wolf, August,R,CTS2,S6CT05090
N00031857,Womack, Steve,R,AR03,H0AR03055
N00032416,Woodall, Rob,R,GA07,H0GA07133
N00038765,Wooley, George,R,OH08,H6OH08299
N00038798,Woolridge, Ruby Faye,D,TX06,H6TX06179
N00038656,Wright, Doug,R,CA01,H6CA01178
N00037286,Wright, Keith,D,NY13,H6NY13105
N00039064,Wright, Paul,R,NCS2,S6NC00316
N00007724,Wyden, Ron,D,ORS2,S6OR00110
N00007286,Wyman, Phil,R,CAS1,S6CA00667
N00025271,Xuna, John,D,FL18,H2FL22049
N00038751,Yandik, Will,D,NY19,H6NY19235
N00028073,Yarmuth, John A,D,KY03,H6KY03124
N00031502,Yoder, Kevin,R,KS03,H0KS03137
N00034330,Yoder, Shelli,D,IN09,H2IN09167
N00033220,Yoho, Ted,R,FL03,H2FL06109
N00035509,Young, David,R,IA03,H4IA03115
N00038584,Young, Dean,R,AL01,H6AL01060
N00007999,Young, Don,R,AK01,H6AK00045
N00030670,Young, Todd,R,INS2,S6IN00191
N00037001,Zalcman, Mark,R,IL18,H5IL18015
N00029404,Zeldin, Lee,R,NY01,H8NY01148
N00035616,Zinke, Ryan K,R,MT01,H4MT01041
N00037047,Zinn, Walter Jr,D,MS01,H6MS01248
N00039047,Zirkelbach, Ray,D,IAS1,S6IA00132
N00037426,Zoeller, Gregory,R,IN09,H6IN09135
N00037400,Zopp, Andrea,D,ILS2,S6IL00300
N00038606,Zuniga, Alberto,I,CA22,H6CA22174
